﻿Spotify URI,Track Name,Artist Name,Album Name,Disc Number,Track Number,Track Duration (ms),Added By,Added At
"spotify:track:3iHqUSg0LBRxAF5CzjBK9y","La stella più fragile dell'universo","Ultimo","Peter Pan","1","3","226000","spotify:user:gianvitot","2018-10-02T08:08:46Z"
"spotify:track:4lPcR6ejSTXL9I7OsySWmV","Burattino","Galeffi","Scudetto","1","9","253402","spotify:user:gianvitot","2018-10-02T08:08:55Z"
"spotify:track:2pYrwe7wEOntKGTbXKTbCk","IO ero io","Levante","Nel Caos Di Stanze Stupefacenti","1","5","221693","spotify:user:gianvitot","2018-10-02T08:09:24Z"
"spotify:track:37Tmv4NnfQeb0ZgUC4fOJj","Sultans Of Swing","Dire Straits","Dire Straits","1","6","348400","spotify:user:gianvitot","2018-10-02T08:09:41Z"
"spotify:track:1bhpBRCLsVg3p7BWARbaDS","Rise","Eddie Vedder","Into The Wild (Music For The Motion Picture)","1","4","156453","spotify:user:gianvitot","2018-10-02T08:14:20Z"
"spotify:track:0mjT194sWauS2YBwxM2ZhS","Suite Bergamasque: Clair de Lune","Claude Debussy, Inon Barnatan","Darknesse Visible","1","7","314120","spotify:user:gianvitot","2018-10-02T08:14:56Z"
"spotify:track:2LkaNhCrNVmcYgXJeLVmsw","The Sound of Silence","Simon & Garfunkel","The Graduate","1","1","185440","spotify:user:gianvitot","2018-10-02T08:15:18Z"
"spotify:track:0DAsxISzun85PbsqAfIzeC","Intro","The xx","xx","1","1","127920","spotify:user:gianvitot","2018-10-02T08:15:42Z"
"spotify:track:3cYgOAFB1HAUhC7b7U8viI","Porcelain","Moby","Play & Play: The B Sides","1","3","241173","spotify:user:gianvitot","2018-10-02T08:15:53Z"
"spotify:track:612VcBshQcy4mpB2utGc3H","Tears in Heaven - Acoustic; Live at MTV Unplugged, Bray Film Studios, Windsor, England, UK, 1/16/1992; 2013 Remaster","Eric Clapton","Unplugged (Deluxe Edition)","1","4","280000","spotify:user:gianvitot","2018-10-02T08:16:09Z"
"spotify:track:2374M0fQpWi3dLnB54qaLX","Africa","TOTO","Toto IV","1","10","295893","spotify:user:gianvitot","2018-10-02T08:16:15Z"
"spotify:track:77vYwoC7e3pVoPq8BA9CuL","I Will Possess Your Heart","Death Cab for Cutie","Narrow Stairs","1","2","505773","spotify:user:gianvitot","2018-10-02T08:16:23Z"
"spotify:track:7o9uu2GDtVDr9nsR7ZRN73","Time After Time","Cyndi Lauper","She's So Unusual","1","4","241333","spotify:user:gianvitot","2018-10-02T08:16:32Z"
"spotify:track:0nbAKsTcygTNGU5dxO6y8f","Hoppípolla","Sigur Rós","Takk","1","3","268706","spotify:user:gianvitot","2018-10-02T08:16:42Z"
"spotify:track:2nMeu6UenVvwUktBCpLMK9","Young And Beautiful","Lana Del Rey","Young And Beautiful","1","1","236053","spotify:user:gianvitot","2018-10-02T08:16:53Z"
"spotify:track:2GAIycsMaDVtMtdvxzR2xI","Bohemian Rhapsody - 2011 Mix","Queen","Queen 40 Limited Edition Collector's Box Set","7","11","354320","spotify:user:gianvitot","2018-10-02T08:17:08Z"
"spotify:track:6By5EZtl0GKQuRZBZbk1LU","La Vie en rose","Édith Piaf","The Voice Of the Sparrow / The Very Best Of Edith Piaf (Domestic Only)","1","2","187666","spotify:user:gianvitot","2018-10-02T08:17:27Z"
"spotify:track:3SdTKo2uVsxFblQjpScoHy","Stand by Me","Ben E. King","Don't Play That Song (Mono)","1","7","180055","spotify:user:gianvitot","2018-10-02T08:17:33Z"
"spotify:track:6wNeKPXF0RDKyvfKfri5hf","Dollhouse","Melanie Martinez","Cry Baby (Deluxe Edition)","1","2","231853","spotify:user:gianvitot","2018-10-02T08:20:51Z"
"spotify:track:60eOMEt3WNVX1m1jmApmnX","Live in the Moment","Portugal. The Man","Woodstock","1","3","246786","spotify:user:gianvitot","2018-10-02T08:20:58Z"
"spotify:track:26yxV0knc0b1b9ggx3T7OD","Pianoforte A Vela","Clementino","Mea Culpa (Gold Edition)","1","12","247486","spotify:user:gianvitot","2018-10-02T08:21:32Z"
"spotify:track:4Musyaro0NM5Awx8b5c627","The Man Who Can't Be Moved","The Script","The Script","1","4","241466","spotify:user:gianvitot","2018-10-02T08:21:51Z"
"spotify:track:1x5sYLZiu9r5E43kMlt9f8","Symphony (feat. Zara Larsson)","Clean Bandit, Zara Larsson","Symphony (feat. Zara Larsson)","1","1","212459","spotify:user:gianvitot","2018-10-02T08:22:10Z"
"spotify:track:4stm6lf1vQBSl7Eq4Npzr0","Big City Life","Mattafix","Signs Of A Struggle","1","2","240893","spotify:user:gianvitot","2018-10-03T09:56:21Z"
"spotify:track:0l4clqQ4hCTKCRyqPCgjX7","All My Days","Alexi Murdoch","Away We Go Original Motion Picture Soundtrack","1","1","297306","spotify:user:gianvitot","2018-10-03T09:57:24Z"
"spotify:track:6fzcnVO0X2cpYjsHk19GJo","Sometimes You Can't Make It On Your Own","U2","How To Dismantle An Atomic Bomb","1","3","305080","spotify:user:gianvitot","2018-10-03T09:57:41Z"
"spotify:track:3laSUUt7DWRNjUeZeHOAv6","Cattive intenzioni","EDO","Cattive intenzioni","1","1","198278","spotify:user:gianvitot","2018-10-03T09:58:45Z"
"spotify:track:67XY71utwLqciyMKOBRYGO","Stay Close","Fireflight","Now","1","1","207560","spotify:user:gianvitot","2018-10-03T10:00:58Z"
"spotify:track:0YKDoBUfXObhiCu66qmSq3","My Demons","STARSET","Transmissions","1","7","288036","spotify:user:gianvitot","2018-10-03T10:01:07Z"
"spotify:track:3hxoYmSHzIBwSS2bPTOfbg","Misread","Kings of Convenience","Riot On An Empty Street","1","2","188400","spotify:user:gianvitot","2018-10-03T10:01:54Z"
"spotify:track:3JOVTQ5h8HGFnDdp4VT3MP","Mad World (Feat. Michael Andrews)","Gary Jules, Michael Andrews","Trading Snakeoil for Wolftickets","1","11","189506","spotify:user:gianvitot","2018-10-03T10:04:21Z"
"spotify:track:754kgU5rWscRTfvlsuEwFp","Kiss Me","Sixpence None The Richer","Sixpence None the Richer","1","4","208680","spotify:user:gianvitot","2018-10-03T10:11:18Z"
"spotify:track:7vLqyRAO6JQ9IXhd8ogQcp","Il bevitore longevo","Duo bucolico, Giacomo Toni","Bucolicesimo","1","9","211000","spotify:user:gianvitot","2018-10-03T13:32:16Z"
"spotify:track:4l2hnfUx0esSbITQa7iJt0","A Little Less Conversation - JXL Radio Edit Remix","Elvis Presley, JXL","Elvis 75 - Good Rockin' Tonight","4","19","211173","spotify:user:gianvitot","2018-10-03T13:59:34Z"
"spotify:track:1FTSo4v6BOZH9QxKc3MbVM","Song 2 - 2012 Remaster","Blur","Blur [Special Edition]","1","2","121160","spotify:user:gianvitot","2018-10-03T13:59:57Z"
"spotify:track:244AvzGQ4Ksa5637JQu5Gy","You've Got The Love","Florence + The Machine","Lungs (Deluxe Version)","1","13","168666","spotify:user:gianvitot","2018-10-04T09:40:45Z"
"spotify:track:2fAIfPLrPUTW1AmJRR428Q","Ruby","Kaiser Chiefs","Yours Truly, Angry Mob","1","1","204200","spotify:user:gianvitot","2018-10-04T09:40:57Z"
"spotify:track:3hfM7GfK9J0UqRS4VEyugl","Brielle","Sky Sailing","An Airplane Carried Me To Bed","1","2","246146","spotify:user:gianvitot","2018-10-06T15:10:51Z"
"spotify:track:7yq4Qj7cqayVTp3FF9CWbm","Riptide","Vance Joy","Dream Your Life Away","1","4","204280","spotify:user:gianvitot","2018-10-06T15:11:55Z"
"spotify:track:75JFxkI2RXiU7L9VXzMkle","The Scientist","Coldplay","A Rush of Blood to the Head","1","4","309600","spotify:user:gianvitot","2018-10-09T15:40:55Z"
"spotify:track:4b2tcjrG1qUkSdsqEFP2dB","Sun Is Shining","Axwell /\ Ingrosso, Axwell, Sebastian Ingrosso","More Than You Know","1","7","254653","spotify:user:gianvitot","2018-10-11T08:58:16Z"
"spotify:track:6DDoFN7yNQmL2YXojqAk8S","L.I.F.E.G.O.E.S.O.N.","Noah And The Whale","Last Night On Earth","1","3","226946","spotify:user:gianvitot","2018-10-11T09:52:16Z"
"spotify:track:6si71supnBUhddjR2FJc2L","White Flag","Dido","Life For Rent","1","1","240040","spotify:user:gianvitot","2018-10-11T09:52:29Z"
"spotify:track:58zsLZPvfflaiIbNWoA22O","Human","Rag'n'Bone Man","Human (Deluxe)","1","1","200186","spotify:user:gianvitot","2018-10-11T14:19:07Z"
"spotify:track:3dYD57lRAUcMHufyqn9GcI","Take Me To Church","Hozier","Hozier","1","1","241688","spotify:user:gianvitot","2018-10-11T14:19:31Z"
"spotify:track:4eS9g2FLy8qDN7j4txFK0S","Out Of Reach","Gabrielle","Now And Always: 20 Years Of Dreaming","1","11","197867","spotify:user:gianvitot","2018-10-11T15:10:49Z"
"spotify:track:45210TcDhU3Jh34lzOd1P6","We Believe","Good Charlotte","Greatest Hits","1","12","231786","spotify:user:gianvitot","2018-10-12T14:35:22Z"
"spotify:track:10rChmECwPcvTTj4w07hq4","Welcome to My Life","Simple Plan","Still Not Getting Any","1","2","206773","spotify:user:gianvitot","2018-10-12T14:36:44Z"
"spotify:track:0fYVliAYKHuPmECRs1pbRf","Renegades","X Ambassadors","VHS","1","2","195200","spotify:user:gianvitot","2018-10-12T14:37:20Z"
"spotify:track:2PzU4IB8Dr6mxV3lHuaG34","(I Can't Get No) Satisfaction - Mono Version","The Rolling Stones","Out Of Our Heads","1","7","222813","spotify:user:gianvitot","2018-10-14T10:19:45Z"
"spotify:track:5p3JunprHCxClJjOmcLV8G","Walk On the Wild Side","Lou Reed","Transformer","1","5","254173","spotify:user:gianvitot","2018-10-14T10:21:51Z"
"spotify:track:4UPyr3Tep8idtAmisAu1qs","Occidentali's Karma - Radio Edit","Francesco Gabbani","Occidentali's Karma","1","1","217625","spotify:user:gianvitot","2018-10-17T07:47:19Z"
"spotify:track:40riOy7x9W7GXjyGp4pjAv","Hotel California - 2013 Remaster","Eagles","Hotel California (2013 Remaster)","1","1","391376","spotify:user:gianvitot","2018-10-17T07:48:16Z"
"spotify:track:17ahSrFGTLNAEAquP1P88n","Goodbye Kiss","Kasabian","Velociraptor!","1","3","243960","spotify:user:gianvitot","2018-10-17T07:49:10Z"
"spotify:track:3ZGwnXKbrQQIQXw7sHa9GS","Heaven","Emeli Sandé","Heaven","1","1","252832","spotify:user:gianvitot","2018-10-17T07:55:56Z"
"spotify:track:3zrVeqzfYBW7uHQCNgOMOV","Orchestra","The Servant","Orchestra","1","1","212226","spotify:user:gianvitot","2018-10-17T08:06:06Z"
"spotify:track:22NgXItkvlsvoIxUg8om07","Occhi da orientale","Daniele Silvestri","Monetine","2","3","233466","spotify:user:gianvitot","2018-10-17T08:06:18Z"
"spotify:track:5BTBBUwbXB7AVTUd5maNee","Ti lascerò","Anna Oxa, Fausto Leali","I Grandi Successi","3","4","240933","spotify:user:gianvitot","2018-10-17T10:44:16Z"
"spotify:track:5fVZC9GiM4e8vu99W0Xf6J","How to Save a Life","The Fray","How To Save A Life","1","3","262533","spotify:user:gianvitot","2018-10-19T07:57:00Z"
"spotify:track:5vfSqlXgfTtKLn3OWoAVnn","Unforgettable (Duet with Nat King Cole)","Natalie Cole","Unforgettable: With Love","1","22","211586","spotify:user:gianvitot","2018-10-20T18:00:14Z"
"spotify:track:0xYkr8xRLT8vbFA1yrSYO1","Rotolando Verso Sud","Negrita","L'Uomo Sogna Di Volare","1","6","285760","spotify:user:gianvitot","2018-11-02T08:40:51Z"
"spotify:track:6amk3asEUvijfCf6gMGaYy","Lo strano percorso","Max Pezzali","Il mondo insieme a te","1","2","250960","spotify:user:gianvitot","2018-11-02T08:41:08Z"
"spotify:track:0q9GZ7xKL0Hs3sa6jKjCFd","Il Sole","Cesare Cremonini","La Teoria Dei Colori","1","11","281653","spotify:user:gianvitot","2018-11-02T08:42:00Z"
"spotify:track:0STK94RxUulYqWzwFlyAb5","Sober","Demi Lovato","Sober","1","1","197893","spotify:user:gianvitot","2018-11-04T14:40:58Z"
"spotify:track:7iu0WYLdo4yksKf3seaxzI","Hate That I Love You","Rihanna, Ne-Yo","Good Girl Gone Bad: Reloaded","1","6","218946","spotify:user:gianvitot","2018-11-11T16:09:06Z"
"spotify:track:5aJhuze13LOoLthmiG8YIA","When The Beat Drops Out","Marlon Roudette","Electric Soul","1","3","204026","spotify:user:gianvitot","2018-11-11T16:09:27Z"
"spotify:track:3Q9FA2LP9Abih9xkFeNb6U","Time to Pretend","MGMT","Time to Pretend","1","1","261000","spotify:user:gianvitot","2018-11-20T11:30:06Z"
"spotify:track:0mUyMawtxj1CJ76kn9gIZK","Bad Day","Daniel Powter","Daniel Powter (U.S. Release)","1","3","233640","spotify:user:gianvitot","2018-11-20T11:30:55Z"
"spotify:track:6gxycjJNMgmAyfzUXBN80P","Goodbye My Lover","James Blunt","Back to Bedlam","1","4","258653","spotify:user:gianvitot","2018-11-20T11:31:12Z"
"spotify:track:3wPPWcVuinAU7dXcJXtCID","La La La","Naughty Boy, Sam Smith","Hotel Cabana (Deluxe Version)","1","7","222200","spotify:user:gianvitot","2018-12-02T16:29:16Z"
"spotify:track:5TbzAWWc5eJaANpA9kfGCd","Love Me Again","John Newman","Tribute","1","2","239894","spotify:user:gianvitot","2018-12-30T11:58:33Z"
"spotify:track:3XVBdLihbNbxUwZosxcGuJ","If I Ain't Got You","Alicia Keys","The Diary Of Alicia Keys","1","6","228706","spotify:user:gianvitot","2019-01-02T21:34:10Z"
"spotify:track:0nJW01T7XtvILxQgC5J7Wh","When I Was Your Man","Bruno Mars","Unorthodox Jukebox","1","6","213826","spotify:user:gianvitot","2019-01-02T21:35:00Z"
"spotify:track:6jBUP2KCe821yqf1hiBqPR","Broken Strings","James Morrison, Nelly Furtado","Songs For You, Truths For Me (International Exclusive Bundle)","1","5","250453","spotify:user:gianvitot","2019-01-02T21:47:23Z"
"spotify:track:1uWTlK72KKpzsCHhu62OV5","Waiting All Night","Rudimental, Ella Eyre","Home (Deluxe Edition)","1","11","292586","spotify:user:gianvitot","2019-01-02T21:51:21Z"
"spotify:track:3DamFFqW32WihKkTVlwTYQ","Fireflies","Owl City","Ocean Eyes","1","9","228346","spotify:user:gianvitot","2019-01-02T21:52:04Z"
"spotify:track:6G5vNAlLT268YWSB0ZVI6J","Non abbiam bisogno di parole","Ron","Le foglie e il vento","1","1","256800","spotify:user:gianvitot","2019-01-02T21:55:09Z"
"spotify:track:1mD8SZtwdoO2RQSkNpog4G","Grande figlio di puttana","Stadio","I grandi successi","1","5","291546","spotify:user:gianvitot","2019-01-02T21:55:35Z"
"spotify:track:57iDDD9N9tTWe75x6qhStw","Bitter Sweet Symphony","The Verve","Urban Hymns (Remastered 2016)","1","1","357266","spotify:user:gianvitot","2019-01-05T19:50:59Z"
"spotify:track:5cF0dROlMOK5uNZtivgu50","Attention","Charlie Puth","Voicenotes","1","2","208786","spotify:user:gianvitot","2019-01-06T12:30:41Z"
"spotify:track:6mORGLOz79w6VsCRLWYYuK","The Night We Met","Lord Huron","Strange Trails","1","14","208211","spotify:user:gianvitot","2019-01-25T10:31:42Z"
"spotify:track:2aibwv5hGXSgw7Yru8IYTO","Snow (Hey Oh)","Red Hot Chili Peppers","Stadium Arcadium","1","2","334666","spotify:user:gianvitot","2019-02-05T11:44:16Z"
"spotify:track:5C0LFQARavkPpn7JgA4sLk","Every Breath You Take - Remastered 2003","The Police","Synchronicity (Remastered)","1","7","253250","spotify:user:gianvitot","2019-03-06T21:37:43Z"
"spotify:track:5l91KHr9uF8wdSdtRoZba8","Wicked Game - Remastered","Chris Isaak","Best Of Chris Isaak","1","3","286880","spotify:user:gianvitot","2019-02-25T23:03:55Z"
"spotify:track:2ZudaDYcCTgqqYPV0TrNn8","Shiver","Natalie Imbruglia","Counting Down The Days","1","2","222653","spotify:user:gianvitot","2019-02-27T21:37:18Z"
"spotify:track:2GplG03rw0CN2EMLzPJZAl","Já Sei Namorar","Tribalistas","Tribalistas","1","12","196986","spotify:user:gianvitot","2019-02-27T21:40:17Z"
"spotify:track:6UxSmGD3Ys7BIpbUpSERBM","Somebody That I Used To Know","Gotye, Kimbra","Making Mirrors","1","3","245755","spotify:user:gianvitot","2019-02-27T21:56:09Z"
"spotify:track:4oTIuUmpE2xdXrpon9lgfJ","Heaven","Emeli Sandé","Our Version Of Events (Special Edition)","1","1","251946","spotify:user:gianvitot","2019-02-28T20:07:49Z"
"spotify:track:1FreAz1lmnDi5aKLB6GdFM","Where Is The Love?","Black Eyed Peas","Elephunk","1","13","272533","spotify:user:gianvitot","2019-03-06T21:57:15Z"
"spotify:track:0yJiIt4icur8txxfLRDJZK","You're Gorgeous","Babybird","Best of Babybird","1","1","222133","spotify:user:gianvitot","2019-03-15T10:46:25Z"
"spotify:track:6NPVjNh8Jhru9xOmyQigds","Happy","Pharrell Williams","Despicable Me 2 (Original Motion Picture Soundtrack)","1","4","233305","spotify:user:gianvitot","2019-03-15T10:47:06Z"
"spotify:track:1k1Bqnv2R0uJXQN4u6LKYt","Ain't No Sunshine","Bill Withers","Just As I Am","1","2","125093","spotify:user:gianvitot","2019-03-15T10:47:52Z"
"spotify:track:7Ewz6bJ97vUqk5HdkvguFQ","Heaven","Bryan Adams","Reckless (30th Anniversary / Deluxe Edition)","1","4","243360","spotify:user:gianvitot","2019-03-15T10:48:36Z"
"spotify:track:6uc03qm5fpp2NSlJgWAla2","Good Life","Kanye West, T-Pain","Graduation (UK Version)","1","5","207000","spotify:user:gianvitot","2019-03-18T18:57:02Z"
"spotify:track:4y6c5vMzKKM3KsMbHtjKx5","Stronger","Kanye West","Graduation (UK Version)","1","3","311866","spotify:user:gianvitot","2019-03-18T21:35:24Z"
"spotify:track:0yac0FPhLRH9i9lOng3f81","Everybody's Changing","Keane","Hopes And Fears","1","4","215880","spotify:user:gianvitot","2019-03-31T14:37:22Z"
"spotify:track:0IVHlst3XMgzXUJbIyZ8oO","Without You","Oh Wonder","Oh Wonder","1","8","224740","spotify:user:gianvitot","2019-03-31T16:43:44Z"
"spotify:track:6I9VzXrHxO9rA9A5euc8Ak","Toxic","Britney Spears","In The Zone","1","6","198800","spotify:user:gianvitot","2019-04-05T08:22:09Z"
"spotify:track:0N29z9eL37fF9A81bJuDuO","Iron Sky - Abbey Road Live Session","Paolo Nutini","Caustic Love (Live and In Session)","1","2","371620","spotify:user:gianvitot","2019-04-05T08:22:49Z"
"spotify:track:7Jh1bpe76CNTCgdgAdBw4Z","Heroes - 2017 Remaster","David Bowie",""Heroes" (2017 Remastered Version)","1","3","371413","spotify:user:gianvitot","2019-04-05T08:23:36Z"
"spotify:track:2RzJwBCXsS1VnjDm2jKKAa","I Believe I Can Fly","R. Kelly","R.","2","13","320666","spotify:user:gianvitot","2019-05-30T14:51:17Z"
"spotify:track:6Rg0AJvt1xa4hR2QH2fUhb","Sorriso (Milano Dateo)","Calcutta ","Sorriso (Milano Dateo)","1","1","177145","spotify:user:gianvitot","2019-06-09T12:19:05Z"
"spotify:track:6vrUTGn5p8IrfTZ0J6sIVM","Iris","The Goo Goo Dolls","Greatest Hits Volume One - The Singles","1","14","289906","spotify:user:gianvitot","2019-07-11T15:56:25Z"
"spotify:track:7rSERmjAT38lC5QhJ8hnQc","I'm Shipping Up To Boston","Dropkick Murphys","The Warrior's Code","1","11","153600","spotify:user:gianvitot","2019-07-24T10:07:43Z"
"spotify:track:2TIlqbIneP0ZY1O0EzYLlc","Someone You Loved","Lewis Capaldi","Breach","1","3","182160","spotify:user:gianvitot","2019-07-24T10:08:38Z"
"spotify:track:4RUoW6ewYFNsNzTbtvM99Y","I Belong to You (Il ritmo della passione)","Eros Ramazzotti, Anastacia","Calma Apparente","1","11","265600","spotify:user:gianvitot","2019-07-24T10:09:41Z"
"spotify:track:3xl7PsO7Hzuig6To9FgDm6","Left Outside Alone","Anastacia","Anastacia","1","2","257426","spotify:user:gianvitot","2019-07-24T10:10:08Z"
"spotify:track:0wwPcA6wtMf6HUMpIRdeP7","Hotline Bling","Drake","Views","1","20","267066","spotify:user:gianvitot","2019-07-24T10:10:45Z"
"spotify:track:4Dhx5eBxQbZwN5GJICCDzq","Rise Up","Yves Larock","Rise Up","1","1","168453","spotify:user:gianvitot","2019-07-24T10:12:06Z"
"spotify:track:79Scr6iQiMOJ8k2BJHGT2A","This Is Us","Mark Knopfler, Emmylou Harris","All The Roadrunning","1","3","275813","spotify:user:gianvitot","2019-07-24T10:12:49Z"
"spotify:track:4lHQCzdK3VdYQvQZnnRouG","Alone Again (Naturally)","Gilbert O'Sullivan","Back to Front (Deluxe Edition)","1","15","217728","spotify:user:gianvitot","2019-10-17T09:10:32Z"
"spotify:track:6JVGVkqRnOonDE4VQd1Qp9","Tutto quello che un uomo","Sergio Cammariere","Dalla pace del mare lontano","1","1","250253","spotify:user:gianvitot","2019-11-10T17:39:10Z"
"spotify:track:2avKuMN2QXkaG9vvHa2JLt","Take A Look Around","Limp Bizkit","Chocolate Starfish And The Hot Dog Flavored Water","1","10","321040","spotify:user:gianvitot","2019-11-10T17:40:00Z"
"spotify:track:0COqiPhxzoWICwFCS4eZcp","Bring Me To Life","Evanescence","Fallen","1","2","235893","spotify:user:gianvitot","2019-11-10T17:40:18Z"
"spotify:track:5RvCpd2obakLvY1HFJOOYJ","Giudizi universali","Samuele Bersani","Samuele Bersani","1","1","235693","spotify:user:gianvitot","2019-11-10T17:46:38Z"
"spotify:track:3sTc75CCyIw4FPs6cXkOe7","Save Room","John Legend","Once Again","1","1","235666","spotify:user:gianvitot","2019-11-10T17:48:37Z"
"spotify:track:47beJVxmWulLY7eI8ulDb9","Cupid's Chokehold / Breakfast in America","Gym Class Heroes","00s Hits","1","51","236066","spotify:user:gianvitot","2019-11-10T17:53:01Z"
"spotify:track:7wZUrN8oemZfsEd1CGkbXE","Bleeding Love","Leona Lewis","Spirit","1","1","262466","spotify:user:gianvitot","2019-11-10T17:59:01Z"
"spotify:track:2LM2JJj3hQLCZRQFu1xu02","Non mi avrete mai","Inoki","Fabiano detto Inoki","1","16","232986","spotify:user:gianvitot","2019-11-10T18:02:52Z"
"spotify:track:3BcH252CGECgOWfKBjAaBC","It's A Man's, Man's, Man's World","James Brown","It's A New Day - Let A Man Come In","1","5","175853","spotify:user:gianvitot","2019-11-10T18:06:17Z"
"spotify:track:5zyrEv4F3FaLECI8TOKpFM","Nel Blu Dipinto Di Blu","Domenico Modugno","Nel Blu Dipinto Di Blu","1","1","219120","spotify:user:gianvitot","2019-11-10T18:07:14Z"
"spotify:track:57qOMZrbvnYyPRLodmnQk8","L'isola che non c'è","Edoardo Bennato","Sono Solo Canzonette","1","5","240506","spotify:user:gianvitot","2019-11-10T18:07:40Z"
"spotify:track:1KZyVnyptQcPzkx7ELCnZC","Hold Back The River","James Bay","Chaos And The Calm","1","2","238746","spotify:user:gianvitot","2019-11-10T18:08:30Z"
"spotify:track:7GJClzimvMSghjcrKxuf1M","Budapest","George Ezra","Wanted on Voyage","1","2","200720","spotify:user:gianvitot","2019-11-10T18:08:52Z"
"spotify:track:4EsU1itX1LEPptKwjhGbVl","Oggi Sono Io","Alex Britti","it.pop","1","12","228986","spotify:user:gianvitot","2019-11-10T18:11:02Z"
"spotify:track:6P7CGwIMruLWna0QvN14DB","Fotoricordo","Gemelli Diversi","Reality Show","1","14","237306","spotify:user:gianvitot","2019-11-10T18:11:44Z"
"spotify:track:7e124Ufisf2zAHIoEiUwjq","Sangue di drago","Rancore","Musica per bambini","1","5","329080","spotify:user:gianvitot","2019-11-10T18:13:25Z"
"spotify:track:7BHPGtpuuWWsvE7cCaMuEU","Naive","The Kooks","Inside In / Inside Out","1","9","203506","spotify:user:gianvitot","2019-11-10T18:14:17Z"
"spotify:track:38zsOOcu31XbbYj9BIPUF1","Your Song","Elton John","Elton John","1","1","241786","spotify:user:gianvitot","2019-11-10T18:16:28Z"
"spotify:track:5rb9QrpfcKFHM1EUbSIurX","Yeah! (feat. Lil Jon & Ludacris)","Usher, Lil Jon, Ludacris","Confessions (Expanded Edition)","1","2","250373","spotify:user:gianvitot","2019-11-10T18:18:33Z"
"spotify:track:4RL77hMWUq35NYnPLXBpih","Skinny Love","Birdy","Birdy","1","2","201080","spotify:user:gianvitot","2019-11-10T18:19:36Z"
"spotify:track:4dyx5SzxPPaD8xQIid5Wjj","Young Folks","Peter Bjorn and John","Writer's Block","1","3","276693","spotify:user:gianvitot","2019-11-10T18:21:45Z"
"spotify:track:4kP69y3GKHi9tXckfgp4bK","For Once In My Life","Stevie Wonder","For Once In My Life","1","1","169800","spotify:user:gianvitot","2019-11-10T18:22:07Z"
"spotify:track:6OtCIsQZ64Vs1EbzztvAv4","Good Life","OneRepublic","Waking Up","1","6","253306","spotify:user:gianvitot","2019-11-10T18:24:48Z"
"spotify:track:7sapKrjDij2fpDVj0GxP66","She Will Be Loved","Maroon 5","Songs About Jane","1","4","257133","spotify:user:gianvitot","2019-11-10T18:26:40Z"
"spotify:track:6SXy02aTZU3ysoGUixYCz0","Maybe Tomorrow","Stereophonics","You Gotta Go There To Come Back","1","2","272946","spotify:user:gianvitot","2019-11-10T18:28:14Z"
"spotify:track:3dZa4cqfnAOm154H601RbY","Aerial Boundaries","Michael Hedges","Aerial Boundaries","1","1","280893","spotify:user:gianvitot","2019-11-10T18:29:25Z"
"spotify:track:225xvV8r1yKMHErSWivnow","I Don't Want to Miss a Thing - From "Armageddon" Soundtrack","Aerosmith","Armageddon - The Album","1","1","298760","spotify:user:gianvitot","2019-11-10T18:30:44Z"
"spotify:track:08Vij9GYqUjyAgSvcJxWW6","Chariot","Gavin DeGraw","Finest Hour: The Best of Gavin DeGraw","1","5","240560","spotify:user:gianvitot","2019-11-10T18:31:00Z"
"spotify:track:0gmbgwZ8iqyMPmXefof8Yf","How You Remind Me","Nickelback","Silver Side Up","1","2","223840","spotify:user:gianvitot","2019-11-10T18:31:33Z"
"spotify:track:60a0Rd6pjrkxjPbaKzXjfq","In the End","Linkin Park","Hybrid Theory (Bonus Edition)","1","8","216880","spotify:user:gianvitot","2019-11-10T18:34:04Z"
"spotify:track:7MMJa7cjMadOSR6CFWvB1x","La musica non c'è","Coez","Faccio un casino","1","6","222786","spotify:user:gianvitot","2019-11-10T18:47:48Z"
"spotify:track:0v1XpBHnsbkCn7iJ9Ucr1l","It's My Life","Bon Jovi","Crush","1","1","224493","spotify:user:gianvitot","2019-11-10T18:51:48Z"
"spotify:track:6JRLFiX9NJSoRRKxowlBYr","Is This Love","Bob Marley & The Wailers","Kaya","1","3","232200","spotify:user:gianvitot","2019-11-10T18:53:53Z"
"spotify:track:61dCUoMCg28qEBzrW6htYM","Rather Be (feat. Jess Glynne)","Clean Bandit, Jess Glynne","New Eyes","1","4","227833","spotify:user:gianvitot","2019-11-10T18:54:52Z"
"spotify:track:3B7udSGy2PfgoCniMSb523","I See Fire - From "The Hobbit - The Desolation Of Smaug"","Ed Sheeran","The Hobbit - The Desolation Of Smaug (Original Motion Picture Soundtrack / Special Edition)","1","28","300840","spotify:user:gianvitot","2019-11-10T18:57:48Z"
"spotify:track:4DSiwBbHVEQV0pb7vWPPkZ","You You You","James Kakande","My Little Red Bag","1","12","242453","spotify:user:gianvitot","2019-11-12T12:52:15Z"
"spotify:track:79RUMZfMNMpqZnswovvTqv","Wonderwall","Oasis","(What's the Story) Morning Glory?","1","3","258906","spotify:user:gianvitot","2019-11-17T13:54:19Z"
"spotify:track:6HSXNV0b4M4cLJ7ljgVVeh","Knockin' On Heaven's Door","Bob Dylan","Pat Garrett & Billy The Kid [Soundtrack From The Motion Picture) (Remastered]","1","7","149880","spotify:user:gianvitot","2019-12-01T14:29:10Z"
"spotify:track:2KH16WveTQWT6KOG9Rg6e2","Eye of the Tiger","Survivor","Rocky IV","1","4","245640","spotify:user:gianvitot","2020-02-02T14:59:57Z"
"spotify:track:0CnD7Hiw6pae6rLsZw5q5W","Incomplete","Backstreet Boys","Never Gone","1","1","239586","spotify:user:gianvitot","2020-02-02T15:00:26Z"
"spotify:track:3bidbhpOYeV4knp8AIu8Xn","Can't Hold Us - feat. Ray Dalton","Macklemore & Ryan Lewis","The Heist","1","2","258342","spotify:user:gianvitot","2020-02-02T15:01:19Z"
"spotify:track:1iTb2vi8Bls7QY6CKL2gj2","Through The Fire And Flames","DragonForce","Killer Elite","1","1","439213","spotify:user:gianvitot","2020-02-02T15:03:12Z"
"spotify:track:1LhMopPAallLeaeNutqbgS","Say Something","Justin Timberlake, Chris Stapleton","Man of the Woods","1","9","278893","spotify:user:gianvitot","2020-02-02T15:09:18Z"
"spotify:track:28O4QR1TELuXdcnVw9Q6Kt","Tubthumping - Radio Edit","Chumbawamba","Birthday Party","1","26","213226","spotify:user:gianvitot","2020-02-02T15:25:56Z"
"spotify:track:7zkLpY72g6lKQbiHDqri1S","Sunrise","Norah Jones","Feels Like Home","1","1","200626","spotify:user:gianvitot","2020-02-02T15:28:37Z"
"spotify:track:25IiYDzpCGCFA1KhnyMFZv","Se tu non torni","Miguel Bosé","Sotto Il Segno Di Caino","1","1","284066","spotify:user:gianvitot","2020-02-02T15:31:04Z"
"spotify:track:6PypGyiu0Y2lCDBN1XZEnP","Everybody Hurts","R.E.M.","Automatic For The People","1","4","320266","spotify:user:gianvitot","2020-02-02T15:33:06Z"
"spotify:track:1vxw6aYJls2oq3gW0DujAo","Crazy","Gnarls Barkley","St. Elsewhere","1","2","177466","spotify:user:gianvitot","2020-02-02T15:33:25Z"
"spotify:track:0BV7ICRTzqR0VnXwnOS4ZR","Estate","Negramaro","Mentre tutto scorre (Deluxe Version)","1","6","178226","spotify:user:gianvitot","2020-02-02T15:36:03Z"
"spotify:track:3qiyyUfYe7CRYLucrPmulD","Baba O'Riley","The Who","Who's Next","1","1","300400","spotify:user:gianvitot","2020-02-02T15:38:28Z"
"spotify:track:4KFM3A5QF2IMcc6nHsu3Wp","Englishman In New York","Sting","...Nothing Like The Sun","1","3","267266","spotify:user:gianvitot","2020-02-02T15:42:46Z"
"spotify:track:4fXGWiVhlOLdhwRDP6pIFG","Lemon Tree","Fools Garden","Dish Of The Day","1","3","191026","spotify:user:gianvitot","2020-02-02T15:43:50Z"
"spotify:track:0zRtBDhwtIFTfoK2HuURbM","Raindrops Keep Fallin' On My Head","B.J. Thomas","Raindrops Keep Fallin' On My Head","1","2","184493","spotify:user:gianvitot","2020-02-02T15:44:50Z"
"spotify:track:3Lk7RWStfLaHG7lXsuS87j","One","Mary J. Blige, U2","The Breakthrough","1","16","260466","spotify:user:gianvitot","2020-02-02T15:46:17Z"
"spotify:track:2bYLru2w0NKtCDiFPgALFE","Se telefonando","Mina","Studio Uno '66","1","7","182480","spotify:user:gianvitot","2020-02-02T15:48:30Z"
"spotify:track:0TDLuuLlV54CkRRUOahJb4","Titanium (feat. Sia)","David Guetta","Nothing but the Beat (Ultimate Edition)","1","1","245040","spotify:user:gianvitot","2020-02-02T15:50:19Z"
"spotify:track:0QKfiqpEU4h9ycPSzIFwYe","Maniac","Michael Sembello","Flashdance (Original Soundtrack From The Motion Picture)","1","10","244706","spotify:user:gianvitot","2020-02-02T15:50:36Z"
"spotify:track:4h8VwCb1MTGoLKueQ1WgbD","Wake Me Up","Avicii","True","1","1","247426","spotify:user:gianvitot","2020-02-02T15:50:57Z"
"spotify:track:1FHNctV68GUNLgXclG2DtR","Dancing in the Moonlight","Toploader","Dancing In The Moonlight: The Best Of Toploader","1","1","233373","spotify:user:gianvitot","2020-02-02T15:51:35Z"
"spotify:track:66S14BkJDxgkYxLl5DCqOz","I'm Gonna Be (500 Miles)","The Proclaimers","Finest","1","1","219466","spotify:user:gianvitot","2020-02-02T15:52:46Z"
"spotify:track:3cfOd4CMv2snFaKAnMdnvK","All Star","Smash Mouth","Astro Lounge","1","5","200373","spotify:user:gianvitot","2020-02-02T15:53:26Z"
"spotify:track:1CtKHwDqsH3ctcCCI18N0g","Everybody Needs Somebody to Love","The Blues Brothers","The Blues Brothers: Original Soundtrack Recording","1","5","203453","spotify:user:gianvitot","2020-02-02T15:59:50Z"
"spotify:track:3ZffCQKLFLUvYM59XKLbVm","Wake Me up When September Ends","Green Day","American Idiot","1","7","285653","spotify:user:gianvitot","2020-02-02T16:00:24Z"
"spotify:track:3NLrRZoMF0Lx6zTlYqeIo4","Here Without You","3 Doors Down","Away From The Sun","1","6","238560","spotify:user:gianvitot","2020-02-02T16:00:57Z"
"spotify:track:77loZpT5Y5PRP1S451P9Yz","The Reason","Hoobastank","The Reason (15th Anniversary Deluxe)","1","8","232800","spotify:user:gianvitot","2020-02-02T16:01:19Z"
"spotify:track:1ibeKVCiXORhvUpMmtsQWq","Pieces","Sum 41","Chuck","1","11","182040","spotify:user:gianvitot","2020-02-02T16:01:55Z"
"spotify:track:6RX5iL93VZ5fKmyvNXvF1r","Irreplaceable","Beyoncé","B'Day Deluxe Edition","1","2","227853","spotify:user:gianvitot","2020-02-02T16:02:49Z"
"spotify:track:6b2oQwSGFkzsMtQruIWm2p","Creep","Radiohead","Pablo Honey","1","2","238640","spotify:user:gianvitot","2020-02-02T16:03:13Z"
"spotify:track:2IZZqH4K02UIYg5EohpNHF","Zombie","The Cranberries","No Need To Argue","1","4","306426","spotify:user:gianvitot","2020-02-02T16:03:55Z"
"spotify:track:3i2BVheWF3DueqfFKPuhOW","Domani","Articolo 31, Paola Folli","Così Com' è","1","6","306626","spotify:user:gianvitot","2020-02-02T16:04:43Z"
"spotify:track:13Xckcuw0bUlY2skp5uMlJ","Piu' Forte Delle Bombe","Colle Der Fomento","Anima E Ghiaccio","1","5","258853","spotify:user:gianvitot","2020-02-02T16:05:45Z"
"spotify:track:0gPQTLaqHDgdupKEok7J2x","7 Days","Craig David","Born to Do It","1","4","235133","spotify:user:gianvitot","2020-02-02T16:05:58Z"
"spotify:track:39qYD4J4BKvZMQgxfXl5bv","Eye In The Sky","The Alan Parsons Project","Eye In The Sky (Expanded Edition)","1","2","276280","spotify:user:gianvitot","2020-02-02T16:13:57Z"
"spotify:track:0bLRXQaWzmSXRXPmP6JnEF","Don't Cry for Me Argentina","Madonna","Evita: The Complete Motion Picture Music Soundtrack","1","16","331466","spotify:user:gianvitot","2020-02-02T16:16:39Z"
"spotify:track:2hKdd3qO7cWr2Jo0Bcs0MA","Drops of Jupiter","Train","Drops Of Jupiter","1","3","259933","spotify:user:gianvitot","2020-02-23T16:54:48Z"
"spotify:track:4iVVU8DyQvOVsKafv3KWIF","Leave a Light On","Tom Walker","What a Time To Be Alive","1","2","185863","spotify:user:gianvitot","2020-02-23T16:55:49Z"
"spotify:track:7xq4NAM0ukz7QqK0cBqpzt","Just Feel Better (feat. Steven Tyler)","Santana, Steven Tyler","Ultimate Santana","1","14","252306","spotify:user:gianvitot","2020-02-23T16:56:29Z"
"spotify:track:1qCQTy0fTXerET4x8VHyr9","What A Wonderful World","Louis Armstrong","What A Wonderful World","1","1","137520","spotify:user:gianvitot","2020-02-23T16:56:48Z"
"spotify:track:3ibKnFDaa3GhpPGlOUj7ff","Let Me Love You","Mario","Let Me Love You","1","1","256733","spotify:user:gianvitot","2020-02-23T16:57:32Z"
"spotify:track:5Nm9ERjJZ5oyfXZTECKmRt","Stay With Me","Sam Smith","In The Lonely Hour","1","3","172723","spotify:user:gianvitot","2020-02-23T16:58:34Z"
"spotify:track:0ARK753YaiJbpLUk7z5yIM","Dilemma","Nelly, Kelly Rowland","Nellyville","1","10","289160","spotify:user:gianvitot","2020-02-23T16:58:57Z"
"spotify:track:2igwFfvr1OAGX9SKDCPBwO","Empire State Of Mind","JAY-Z, Alicia Keys","The Blueprint 3","1","5","276920","spotify:user:gianvitot","2020-02-23T16:59:27Z"
"spotify:track:3p7cBuKJZptTsumpOxOxo9","Almeno tu nell'universo - Original Version","Mia Martini","Martini Mia...","1","1","306076","spotify:user:gianvitot","2020-02-23T17:00:53Z"
"spotify:track:2ZwcnFDvQueNemTt89qCom","Fai rumore","Diodato","Che vita meravigliosa","1","4","216140","spotify:user:gianvitot","2020-02-23T17:01:20Z"
"spotify:track:5QpaGzWp0hwB5faV8dkbAz","Wherever You Will Go","The Calling","Camino Palmero","1","3","208600","spotify:user:gianvitot","2020-02-23T17:02:25Z"
"spotify:track:5KHVl8m4ECBouopqWarPn1","Lontano Dal Tuo Sole","Neffa","Sognando Contromano","1","2","220506","spotify:user:gianvitot","2020-02-23T17:03:28Z"
"spotify:track:3S0OXQeoh0w6AY8WQVckRW","I'm Yours","Jason Mraz","We Sing. We Dance. We Steal Things.","1","2","242186","spotify:user:gianvitot","2020-02-23T17:04:06Z"
"spotify:track:2Foc5Q5nqNiosCNqttzHof","Get Lucky (feat. Pharrell Williams & Nile Rodgers) - Radio Edit","Daft Punk, Pharrell Williams, Nile Rodgers","Get Lucky (feat. Pharrell Williams & Nile Rodgers) [Radio Edit]","1","1","248413","spotify:user:gianvitot","2020-02-23T17:06:32Z"
"spotify:track:7bBEDtVmP86Zli3NmBV17y","When Did Your Heart Go Missing?","Rooney","Calling The World","1","2","213333","spotify:user:gianvitot","2020-02-23T17:07:04Z"
"spotify:track:2oVoSgGAlog02WQ2pLCxcT","Now You're Gone (feat. Zara Larsson)","Tom Walker, Zara Larsson","What a Time To Be Alive","1","5","212141","spotify:user:gianvitot","2020-03-08T16:22:08Z"
"spotify:track:01LZc2mZVx7C9r5llieTF4","Gli Ostacoli Del Cuore","Elisa, Ligabue","Caterpillar - iTunes Version","1","3","269200","spotify:user:gianvitot","2020-03-08T16:24:17Z"
"spotify:track:0azC730Exh71aQlOt9Zj3y","This Is What You Came For","Calvin Harris, Rihanna","This Is What You Came For","1","1","222160","spotify:user:gianvitot","2020-03-08T16:25:07Z"
"spotify:track:4QlzkaRHtU8gAdwqjWmO8n","Friday I'm In Love","The Cure","Wish","1","7","215160","spotify:user:gianvitot","2020-03-08T19:20:35Z"
"spotify:track:1jF7IL57ayN4Ity3jQqGu0","Try","P!nk","The Truth About Love","1","3","247906","spotify:user:gianvitot","2020-03-08T19:31:07Z"
"spotify:track:6cPahEFyLHxt8tEewgj6Vu","I Love You Baby","Due Di Picche","C'eravamo tanto odiati","1","5","257346","spotify:user:gianvitot","2020-03-08T19:54:41Z"
"spotify:track:7IWChInnDwkFuyYlvG0qyT","Non è vero mai","Alex Britti & Bianca Atzei","Non è vero mai","1","1","224160","spotify:user:gianvitot","2020-03-09T13:02:17Z"
"spotify:track:26dDFoUBm8PDd7veLrGfxG","Ricomincio da qui","Malika Ayane","Grovigli","1","1","202426","spotify:user:gianvitot","2020-03-28T12:37:21Z"
"spotify:track:3RaNzsJwmXX6IXSvKO3kuX","Girasoli","Dutch Nazari","Ce lo chiede l'Europa","1","10","181626","spotify:user:gianvitot","2020-03-28T12:37:36Z"
"spotify:track:0gcjc7Vt5xtcfmJgf6g2IO","When You Say Nothing At All","Ronan Keating","Ronan","1","6","256826","spotify:user:gianvitot","2020-03-28T12:44:43Z"
"spotify:track:2PLi7OmleXPNBrGLon3sUy","Sweet Disposition","The Temper Trap","Conditions","1","3","234360","spotify:user:gianvitot","2020-03-28T12:45:12Z"
"spotify:track:4wtHbIS26FOtpjMkaQQ8Zk","Kiss The Rain","Billie Myers","Growing, Pains","1","1","270160","spotify:user:gianvitot","2020-03-28T12:46:35Z"
"spotify:track:2XU0oxnq2qxCpomAAuJY8K","Dance Monkey","Tones And I","Dance Monkey (Stripped Back) / Dance Monkey","1","2","209438","spotify:user:gianvitot","2020-03-28T12:48:02Z"
"spotify:track:2AEpZqVzhE9w5soqgqDteN","I Dreamed A Dream - Live","Ruthie Henshall","Les Misérables (10th Anniversary Concert Live at Royal Albert Hall)","1","5","278693","spotify:user:gianvitot","2020-03-28T12:50:48Z"
"spotify:track:1sTsuZTdANkiFd7T34H3nb","Human","The Killers","Day & Age (Bonus Tracks)","1","2","245373","spotify:user:gianvitot","2020-03-30T14:10:23Z"
